Leclerc;Vincent;vleclerc@inow.fr
MARTIN;Jennifer;jennifer_martin@outlook.fr
Laniel;Jessy;jessy@laniel.me
Le Grand;Thomas;mail@mail.com
Siméon;Antoine;antoine_352@hotmail.fr
Mouchard;Florian;florian.mouchard@sfr.fr
Bellil;Nabil.abilaz24@gmail.com
Guilbert;Cyrille;junelight@wanadoo.fr
Mbaye;Fatimata;fati@mb.fr
Vanwynsberghe;Gary;vanwynsberghe.gary@gmail.com
LAPINTE;Nicolas;nicolas.lapinte@gmail.com
